,,,,0.049458144,0.052796136
,,,,,
,,,,,
,状态（实际情况）,,,,
step(k),measure,predict,测量标准差,预测误差,
1,0.053994536,0.073130861,4.97785E-06,7.64566E-05,
2,0.05510613,0.066548513,,,
3,0.050940197,0.05883288,,,
4,0.047976592,0.056257987,,,
5,0.047976592,0.056257987,,,
6,0.047976592,0.056257987,,,
7,0.047976592,0.056257987,,,
8,0.047898013,0.053287089,,,
9,0.049843733,0.05127581,,,
10,0.05205669,0.050836652,,,
11,0.052265427,0.050696709,,,
12,0.052525902,0.054645947,,,
13,0.049340925,0.059439853,,,
14,0.048181782,0.05689569,,,
15,0.047598531,0.052980961,,,
16,0.047598531,0.052980961,,,
17,0.047598531,0.052980961,,,
18,0.047598531,0.052980961,,,
19,0.048574034,0.047593966,,,
20,0.048393674,0.050132615,,,
21,0.047907144,0.046850992,,,
22,0.048665071,0.046507035,,,
23,0.050911497,0.032113401,,,
24,0.048090206,0.031363461,,,
