geoname,year,region,taxrevenueratio,agr,agrm,agrr,min,minm,minr,man,manm,manr,wholesaletrade,retailtrade,tandw,tandwm,tandwr,inf,infm,infr,fandi,fandim,fandir,re,rem,rer,professionalscientificandtechnic,educationalservices,hs,hsm,hsr,str,gdp,taxrevenue,spi,piepc,piepcm,trade,tradem,trader,pste,pstem,pster,igt,lgigt,c,p,lgpl,wapw,mehi,mehim,unemployrate,lggdp,lgml,granttotaloutlay,federalfunds,trustfunds,constraintratio,stategovernorparty
Idaho,2007,Rocky Mountain,0.065672,2219,0.2219,0.04120545,695,0.0695,0.01290572,6313,0.6313,0.1172285,3381,4863,1568,0.1568,0.0291168,1343,0.1343,0.0249387,2206,0.2206,0.040964,7389,0.7389,0.1372091,2954,344,3685,0.3685,0.0684282,3536.574,53852.1,65671.98,48853.5,27270,2.727,8244,0.8244,0.1530859,3298,0.3298,0.0612418,188409.9,9.2751,5,Republican,3.17757,0.6536,67180,6.718,3.025,4.731203,4.997133,443797,397808,45989,0.115606,Republican
Colorado,2004,Rocky Mountain,0.0345693,1696,0.1696,0.00831453,7273,0.7273,0.03565542,15795,1.5795,0.077434,12887,14143,6701,0.6701,0.0328512,15740,1.574,0.0771644,11284,1.1284,0.0553191,32824,3.2824,0.1609176,17982,1612,12860,1.286,0.0630453,7051.457,203980.2,34569.32,163568.5,30702,3.0702,27030,2.703,0.1325129,19594,1.9594,0.0960583,,,,,,,75480,7.548,5.566667,5.309588,,407512,369909,37603,0.1016547,Republican
Wyoming,2007,Rocky Mountain,0.0553265,283,0.0283,0.00773171,10920,1.092,0.29834028,2195,0.2195,0.0599686,1398,1961,2168,0.2168,0.0592309,496,0.0496,0.013551,771,0.0771,0.0210641,2824,0.2824,0.0771532,886,69,1272,0.1272,0.0347517,2025.09,36602.5,55326.55,24408.3,33548,3.3548,3359,0.3359,0.0917697,955,0.0955,0.0260911,65594.25,8.8169,7,Republican,2.72825,0.6813,66580,6.658,2.691667,4.563511,4.765393,443797,397808,45989,0.115606,Democrat
Idaho,2019,Rocky Mountain,0.060326,3969.4,0.39694,0.04884736,405.6,0.04056,0.00499131,8902.1,0.89021,0.1095491,5175.2,7331.2,2331.7,0.23317,0.0286939,1828,0.1828,0.0224953,3525.4,0.35254,0.0433835,10843.2,1.08432,0.1334362,4762.4,682,6926,0.6926,0.0852312,4902.173,81261.3,60326.05,83019.4,34643,3.4643,12506.4,1.25064,0.1539035,5444.4,0.54444,0.0669987,308719.3,9.4896,5,Republican,3.25214,0.6298,75160,7.516,2.875,4.909884,5.031683,749554,685729,63825,0.0930761,Republican
Idaho,2015,Rocky Mountain,0.0599349,2936,0.2936,0.04425759,1004,0.1004,0.01513441,6913,0.6913,0.1042073,3564,5083,1621,0.1621,0.0244351,1309,0.1309,0.019732,2508,0.2508,0.0378059,8074,0.8074,0.1217084,3274,392,4689,0.4689,0.0706825,3976.017,66338.9,59934.93,64564.3,30573,3.0573,8647,0.8647,0.1303459,3666,0.3666,0.0552617,270650.6,9.4324,9,Republican,3.21776,0.6356,62490,6.249,3.866667,4.821768,5.020511,624357,567054,57303,0.1010539,Republican
Colorado,2015,Rocky Mountain,0.0400582,2058,0.2058,0.00646701,16056,1.6056,0.05045401,20694,2.0694,0.0650284,15902,15981,8469,0.8469,0.0266128,17818,1.7818,0.0559909,14413,1.4413,0.0452911,40771,4.0771,0.1281179,26537,1941,17768,1.7768,0.0558338,12747.749,318230.4,40058.24,279696,40878,4.0878,31883,3.1883,0.1001884,28478,2.8478,0.0894886,,,,,,,80610,8.061,3.741667,5.502742,,624357,567054,57303,0.1010539,Democrat
Idaho,2013,Rocky Mountain,0.0586555,2532,0.2532,0.04149616,965,0.0965,0.01581508,7081,0.7081,0.1160483,3263,4647,1620,0.162,0.0265497,1268,0.1268,0.0207809,2307,0.2307,0.0378087,7831,0.7831,0.1283398,2940,376,4365,0.4365,0.0715366,3579.023,61017.7,58655.49,57790.6,29207,2.9207,7910,0.791,0.1296345,3316,0.3316,0.0543449,269537.1,9.4306,9,Republican,3.20715,0.6398,59460,5.946,6.816667,4.785456,4.994092,546178,486781,59397,0.12202,Republican
Idaho,2007,Rocky Mountain,0.065672,2219,0.2219,0.04120545,695,0.0695,0.01290572,6313,0.6313,0.1172285,3381,4863,1568,0.1568,0.0291168,1343,0.1343,0.0249387,2206,0.2206,0.040964,7389,0.7389,0.1372091,2954,344,3685,0.3685,0.0684282,3536.574,53852.1,65671.98,48853.5,27270,2.727,8244,0.8244,0.1530859,3298,0.3298,0.0612418,188409.9,9.2751,5,Republican,3.17757,0.6536,67180,6.718,3.025,4.731203,4.997133,443797,397808,45989,0.115606,Republican
Idaho,2010,Rocky Mountain,0.0535013,2651,0.2651,0.04805087,1136,0.1136,0.02059064,6349,0.6349,0.1150792,2932,4403,1555,0.1555,0.0281853,1304,0.1304,0.0236357,2214,0.2214,0.04013,7458,0.7458,0.1351804,3090,378,4065,0.4065,0.0736804,2951.703,55170.7,53501.28,50201.9,26609,2.6609,7335,0.7335,0.132951,3468,0.3468,0.0628595,280830.7,9.4484,13,Republican,3.1963,0.6456,61400,6.14,8.758333,4.741708,4.999392,608390,559569,48821,0.0872475,Republican
Wyoming,2015,Rocky Mountain,0.0624355,531,0.0531,0.01406992,9319,0.9319,0.24692568,1738,0.1738,0.0460518,1586,2030,2385,0.2385,0.0631954,591,0.0591,0.0156597,950,0.095,0.0251722,4019,0.4019,0.1064915,980,71,1446,0.1446,0.0383147,2356.323,37740.1,62435.53,32755.6,39653,3.9653,3616,0.3616,0.0958132,1051,0.1051,0.0278484,81767.02,8.9126,9,Republican,2.76761,0.6541,73750,7.375,4.208333,4.576803,4.780396,624357,567054,57303,0.1010539,Republican
Wyoming,2019,Rocky Mountain,0.0547407,696.9,0.06969,0.01807398,6893.6,0.68936,0.17878428,2749.3,0.27493,0.0713026,1431.3,2259.9,3085.5,0.30855,0.0800219,707.4,0.07074,0.0183463,1057.3,0.10573,0.0274209,4234,0.4234,0.109808,1321.4,123.6,1730.4,0.17304,0.0448776,2110.704,38558.2,54740.73,35592.6,43862,4.3862,3691.2,0.36912,0.0957306,1445,0.1445,0.0374758,85834.59,8.9337,5,Republican,2.7625,0.6357,74190,7.419,3.716667,4.586117,4.796713,749554,685729,63825,0.0930761,Republican
Colorado,2010,Rocky Mountain,0.03361,2067,0.2067,0.00810142,10549,1.0549,0.04134585,19770,1.977,0.0774867,13449,14129,6597,0.6597,0.0258563,18362,1.8362,0.0719682,12466,1.2466,0.0488594,35911,3.5911,0.1407499,22324,1936,15202,1.5202,0.0595829,8575.262,255140.5,33609.96,206053.4,34871,3.4871,27578,2.7578,0.1080895,24260,2.426,0.0950849,,,,,,,78600,7.86,9.141666,5.406779,,608390,559569,48821,0.0872475,Democrat
Colorado,2005,Rocky Mountain,0.0347803,2078,0.2078,0.00944941,8898,0.8898,0.04046239,16880,1.688,0.0767594,13598,14631,7303,0.7303,0.0332094,16572,1.6572,0.0753588,12575,1.2575,0.057183,31496,3.1496,0.1432236,18979,1664,13061,1.3061,0.059393,7648.456,219907.9,34780.27,174247.8,32131,3.2131,28229,2.8229,0.1283674,20643,2.0643,0.0938711,,,,,,,72720,7.272,5.075,5.342241,,428018,388870,39148,0.1006712,Republican
Colorado,2003,Rocky Mountain,0.0337748,1575,0.1575,0.00801593,6660,0.666,0.03389594,14428,1.4428,0.073431,12656,13966,5879,0.5879,0.0299211,17434,1.7434,0.08873,12281,1.2281,0.0625039,35083,3.5083,0.1785543,17208,1500,12484,1.2484,0.0635371,6636.19,196483.7,33774.76,157405.3,29233,2.9233,26622,2.6622,0.1354922,18708,1.8708,0.095214,,,,,,,75930,7.593,6.108333,5.293326,,388542,350650,37892,0.1080622,Republican
Wyoming,2011,Rocky Mountain,0.0577004,539,0.0539,0.01369038,10996,1.0996,0.27929399,1654,0.1654,0.0420109,1335,1882,2227,0.2227,0.0565649,548,0.0548,0.013919,873,0.0873,0.0221738,3611,0.3611,0.091718,932,81,1415,0.1415,0.0359404,2271.704,39370.7,57700.37,28699.9,35845,3.5845,3217,0.3217,0.0817105,1013,0.1013,0.0257298,89066.1,8.9497,9,Republican,2.75381,0.6719,68990,6.899,6.133333,4.595173,4.770256,606770,552210,54560,0.098803,Democrat
Utah,2009,Rocky Mountain,0.0478489,374,0.0374,0.00330001,3800,0.38,0.03352954,15976,1.5976,0.1409652,5904,7686,3656,0.3656,0.0322589,4731,0.4731,0.0417443,7697,0.7697,0.067915,14013,1.4013,0.1236446,6302,1416,6489,0.6489,0.0572561,5422.858,113332.9,47848.93,86594.7,26763,2.6763,13590,1.359,0.1199122,7718,0.7718,0.0681003,320711,9.5061,13,Republican,3.43511,0.6427,77370,7.737,7.258333,5.054356,4.975018,537991,484480,53511,0.1104504,Republican
Colorado,2016,Rocky Mountain,0.0391612,2536,0.2536,0.00770593,8430.7,0.84307,0.02561765,22342.1,2.23421,0.067889,19009.9,17947.4,12333.6,1.23336,0.0374771,19608.8,1.96088,0.0595836,18915.1,1.89151,0.0574757,48976.2,4.89762,0.1488198,30921,3057.2,21361.3,2.13613,0.0649088,12887.859,329097.3,39161.24,283678.7,42285,4.2285,36957.3,3.69573,0.112299,33978.2,3.39782,0.1032467,,,,,,,84670,8.467,3.133333,5.517324,,660833,599787,61046,0.1017795,Democrat
Colorado,2017,Rocky Mountain,0.0381082,2364.9,0.23649,0.00675282,13292.8,1.32928,0.03795675,21524,2.1524,0.0614604,20006.1,20291.8,12316.1,1.23161,0.0351678,16445.3,1.64453,0.0469585,20335.2,2.03352,0.0580659,52023.2,5.20232,0.148549,32999.2,3110,22451.4,2.24514,0.0641086,13345.839,350209.1,38108.2,303366.7,44281,4.4281,40297.9,4.02979,0.1150681,36109.2,3.61092,0.1031075,,,,,,,88420,8.842,2.608333,5.544327,,674712,613125,61587,0.1004477,Democrat
Idaho,2006,Rocky Mountain,0.0616495,2383,0.2383,0.04674721,719,0.0719,0.01410459,5462,0.5462,0.1071478,3191,4879,1596,0.1596,0.0313087,1209,0.1209,0.0237169,2258,0.2258,0.0442951,6791,0.6791,0.1332188,2965,335,3601,0.3601,0.0706407,3142.663,50976.3,61649.49,45887.7,26100,2.61,8070,0.807,0.1583089,3300,0.33,0.064736,180674.9,9.2569,1,Republican,3.16692,0.6553,64740,6.474,3.425,4.707368,4.985408,434099,391181,42918,0.1097139,Republican
Wyoming,2000,Rocky Mountain,0.0560086,391,0.0391,0.02272542,6580,0.658,0.38243807,1340,0.134,0.0778825,874,1502,1442,0.1442,0.0838109,258,0.0258,0.0149953,664,0.0664,0.0385925,1966,0.1966,0.1142664,721,49,940,0.094,0.054634,963.65,17205.4,56008.58,14545.3,22979,2.2979,2376,0.2376,0.1380962,770,0.077,0.0447534,40276.93,8.6051,9,Republican,2.69354,0.6747,63680,6.368,3.75,4.235665,4.754203,285874,254098,31776,0.1250541,Republican
Montana,2005,Rocky Mountain,0.0614335,1173,0.1173,0.0384216,1797,0.1797,0.05886072,1996,0.1996,0.065379,1931,2513,1583,0.1583,0.0518511,841,0.0841,0.0275469,1404,0.1404,0.045988,4074,0.4074,0.1334438,1441,139,2784,0.2784,0.0911899,1875.545,30529.7,61433.46,28052,27928,2.7928,4444,0.4444,0.1455632,1580,0.158,0.0517529,,,,,,,53790,5.379,4.066667,4.484723,,428018,388870,39148,0.1006712,Republican
Wyoming,2013,Rocky Mountain,0.0561643,429,0.0429,0.0110219,9380,0.938,0.24099171,1535,0.1535,0.0394373,1577,1966,2372,0.2372,0.0609416,570,0.057,0.0146445,887,0.0887,0.0227889,3847,0.3847,0.0988374,951,77,1434,0.1434,0.0368424,2186.054,38922.5,56164.27,30694.1,37723,3.7723,3543,0.3543,0.091027,1028,0.1028,0.0264115,79631.35,8.9011,9,Republican,2.76501,0.6655,82740,8.274,4.733333,4.590201,4.781425,546178,486781,59397,0.12202,Republican
Utah,2008,Rocky Mountain,0.0526726,446,0.0446,0.00384531,3353,0.3353,0.02890881,13099,1.3099,0.1129366,6718,7999,4008,0.4008,0.0345561,5190,0.519,0.044747,8404,0.8404,0.0724574,14432,1.4432,0.1244295,6631,1365,6300,0.63,0.0543172,6109.256,115985.4,52672.63,89967.8,27808,2.7808,14717,1.4717,0.1268867,7996,0.7996,0.0689397,257458.5,9.4107,5,Republican,3.42538,0.6452,82390,8.239,3.341667,5.064404,4.97273,461317,411142,50175,0.1220381,Republican
Colorado,2009,Rocky Mountain,0.0349278,1945,0.1945,0.00782402,11349,1.1349,0.04565283,19592,1.9592,0.0788114,13314,13825,6356,0.6356,0.0255678,18428,1.8428,0.074129,13052,1.3052,0.0525034,34338,3.4338,0.1381291,22019,1868,15085,1.5085,0.0606814,8682.822,248593.6,34927.78,200170,34335,3.4335,27139,2.7139,0.1091701,23887,2.3887,0.0960886,,,,,,,73990,7.399,7.875,5.39549,,537991,484480,53511,0.1104504,Democrat
Colorado,2013,Rocky Mountain,0.0390394,1664,0.1664,0.00577166,12068,1.2068,0.04185842,19727,1.9727,0.068424,14677,14724,8112,0.8112,0.0281368,18134,1.8134,0.0628986,14513,1.4513,0.050339,38147,3.8147,0.1323146,24380,1959,16175,1.6175,0.0561037,11255.253,288305.2,39039.37,247816.7,37798,3.7798,29401,2.9401,0.1019787,26339,2.6339,0.0913581,,,,,,,83310,8.331,6.75,5.459853,,546178,486781,59397,0.12202,Democrat
Montana,2009,Rocky Mountain,0.0669021,1268,0.1268,0.03523798,2090,0.209,0.05808153,1614,0.1614,0.0448534,1840,2589,1599,0.1599,0.0444365,961,0.0961,0.0267064,1686,0.1686,0.0468543,4732,0.4732,0.1315033,1640,160,3270,0.327,0.090874,2407.4,35983.9,66902.14,33926.6,31485,3.1485,4429,0.4429,0.1230828,1800,0.18,0.0500224,,,,,,,53490,5.349,7.116667,4.556108,,537991,484480,53511,0.1104504,Democrat
Wyoming,2002,Rocky Mountain,0.0572518,332,0.0332,0.01736801,7754,0.7754,0.40563728,1319,0.1319,0.0690012,949,1601,1352,0.1352,0.0707276,310,0.031,0.0162171,670,0.067,0.0350499,2247,0.2247,0.117548,883,65,1027,0.1027,0.0537258,1094.402,19115.6,57251.77,15905.3,24616,2.4616,2550,0.255,0.1333989,948,0.0948,0.049593,47972.6,8.681,1,Republican,2.69898,0.6797,61720,6.172,4.008333,4.281388,4.755608,352895,314672,38223,0.1214693,Republican
Montana,2006,Rocky Mountain,0.0645646,966,0.0966,0.02933201,1958,0.1958,0.0594535,2061,0.2061,0.062581,2017,2612,1671,0.1671,0.0507389,877,0.0877,0.0266296,1445,0.1445,0.0438766,4304,0.4304,0.1306884,1506,152,2911,0.2911,0.0883908,2126.324,32933.3,64564.56,30362.7,29551,2.9551,4629,0.4629,0.1405568,1658,0.1658,0.0503442,,,,,,,57580,5.758,3.341667,4.517635,,434099,391181,42918,0.1097139,Democrat
Idaho,2012,Rocky Mountain,0.0584147,2365,0.2365,0.04094217,718,0.0718,0.0124298,7113,0.7113,0.1231381,3014,4363,1620,0.162,0.028045,1232,0.1232,0.021328,2609,0.2609,0.0451662,7486,0.7486,0.1295954,2899,388,4097,0.4097,0.070926,3374.291,57764.4,58414.71,55719.8,28109,2.8109,7377,0.7377,0.1277084,3287,0.3287,0.0569036,263857,9.4214,9,Republican,3.20285,0.6424,59500,5.95,7.4,4.76166,4.997627,544573,488543,56030,0.114688,Republican
Colorado,2018,Rocky Mountain,0.0408671,2594.6,0.25946,0.00710451,13972.9,1.39729,0.03826048,22797.3,2.27973,0.0624234,20322.8,21189.1,13370.3,1.33703,0.0366104,18696.3,1.86963,0.0511941,20217.7,2.02177,0.0553599,53601.2,5.36012,0.1467704,35843,3255.5,23208,2.3208,0.063548,14924.842,365204.5,40867.08,328112.7,46115,4.6115,41511.9,4.15119,0.1136675,39098.5,3.90985,0.1070592,,,,,,,84420,8.442,3.05,5.562536,,696507,634179,62328,0.0982814,Democrat
Montana,2002,Rocky Mountain,0.0604146,813,0.0813,0.03404451,1560,0.156,0.06532526,1658,0.1658,0.069429,1580,2214,1184,0.1184,0.0495802,662,0.0662,0.0277214,1237,0.1237,0.0517996,3545,0.3545,0.1484475,1371,129,2559,0.2559,0.1071586,1442.731,23880.5,60414.61,22350.3,23568,2.3568,3794,0.3794,0.1588744,1500,0.15,0.0628128,,,,,,,54070,5.407,4.55,4.378044,,352895,314672,38223,0.1214693,Republican
Utah,2005,Rocky Mountain,0.0499319,567,0.0567,0.00601943,2720,0.272,0.0288763,10864,1.0864,0.1153353,5770,7557,3926,0.3926,0.0416795,4244,0.4244,0.0450555,8522,0.8522,0.090472,11484,1.1484,0.1219174,5177,1205,5324,0.5324,0.0565211,4703.33,94194.9,49931.9,70661.8,24734,2.4734,13327,1.3327,0.1414832,6382,0.6382,0.0677531,236678.6,9.3742,1,Republican,3.39053,0.6509,79010,7.901,4.041667,4.974027,4.950793,428018,388870,39148,0.1006712,Republican
Idaho,2002,Rocky Mountain,0.0586609,2121,0.2121,0.05478454,368,0.0368,0.00950529,4187,0.4187,0.1081485,2506,3737,1274,0.1274,0.0329069,782,0.0782,0.0201987,1539,0.1539,0.0397517,5698,0.5698,0.147177,2709,289,3084,0.3084,0.0796584,2271.075,38715.3,58660.92,35213.9,21197,2.1197,6243,0.6243,0.1612541,2998,0.2998,0.0774371,133047.4,9.124,1,Republican,3.12723,0.6551,58540,5.854,5.616667,4.587883,4.981393,352895,314672,38223,0.1214693,Republican
Colorado,2007,Rocky Mountain,0.0374608,1829,0.1829,0.00743365,8958,0.8958,0.0364082,19625,1.9625,0.0797623,15213,14598,7081,0.7081,0.0287795,19002,1.9002,0.0772302,13005,1.3005,0.0528565,35138,3.5138,0.1428121,21159,1741,13673,1.3673,0.0555715,9216.983,246043.5,37460.79,200611.2,34856,3.4856,29811,2.9811,0.1211615,22900,2.29,0.093073,,,,,,,83510,8.351,3.7,5.391012,,443797,397808,45989,0.115606,Republican
Wyoming,2003,Rocky Mountain,0.0578839,423,0.0423,0.02011651,7908,0.7908,0.37607894,1507,0.1507,0.0716681,997,1656,1496,0.1496,0.0711449,334,0.0334,0.015884,625,0.0625,0.029723,2192,0.2192,0.1042444,810,60,1076,0.1076,0.0511711,1217.154,21027.5,57883.91,16937.2,26018,2.6018,2653,0.2653,0.1261681,870,0.087,0.0413744,55863.44,8.7471,3,Republican,2.70196,0.6806,64700,6.47,4.325,4.322788,4.756598,388542,350650,37892,0.1080622,Republican
Colorado,2014,Rocky Mountain,0.0383709,1851,0.1851,0.00604187,15159,1.5159,0.04948068,20094,2.0094,0.0655891,15468,15247,8694,0.8694,0.0283782,18252,1.8252,0.0595766,14408,1.4408,0.0470293,38862,3.8862,0.1268499,25370,2020,16883,1.6883,0.055108,11755.394,306362,38370.93,268453.1,39447,3.9447,30715,3.0715,0.1002572,27390,2.739,0.089404,,,,,,,73710,7.371,4.983333,5.486235,,576978,517428,59550,0.1150885,Democrat
Wyoming,2004,Rocky Mountain,0.0648983,372,0.0372,0.01604368,8427,0.8427,0.36344111,1623,0.1623,0.069997,1060,1582,1671,0.1671,0.0720672,373,0.0373,0.0160868,588,0.0588,0.0253594,2363,0.2363,0.1019119,754,65,1125,0.1125,0.0485192,1504.777,23186.7,64898.28,18287.4,27757,2.7757,2642,0.2642,0.1139446,819,0.0819,0.035322,62999.39,8.7993,3,Republican,2.70681,0.6815,67340,6.734,3.841667,4.365239,4.758268,407512,369909,37603,0.1016547,Democrat
Montana,2007,Rocky Mountain,0.0643118,975,0.0975,0.0270277,2080,0.208,0.0576591,2529,0.2529,0.0701057,2087,2649,1646,0.1646,0.0456283,876,0.0876,0.0242833,1567,0.1567,0.0434384,4566,0.4566,0.1265728,1587,151,2957,0.2957,0.0819702,2319.992,36074.1,64311.85,32646.8,31259,3.1259,4736,0.4736,0.1312853,1738,0.1738,0.0481786,,,,,,,59630,5.963,3.358333,4.557196,,443797,397808,45989,0.115606,Democrat
Montana,2010,Rocky Mountain,0.0563088,1363,0.1363,0.03581696,2203,0.2203,0.05789051,1830,0.183,0.0480888,1888,2799,1759,0.1759,0.0462231,987,0.0987,0.0259364,1644,0.1644,0.0432011,5081,0.5081,0.1335187,1673,155,3330,0.333,0.0875058,2142.809,38054.6,56308.8,35670.9,33123,3.3123,4687,0.4687,0.1231651,1828,0.1828,0.0480362,,,,,,,53870,5.387,7.183333,4.580407,,608390,559569,48821,0.0872475,Democrat
Montana,2000,Rocky Mountain,0.0644618,703,0.0703,0.03212217,1647,0.1647,0.07525634,1718,0.1718,0.0785005,1487,1982,1316,0.1316,0.060132,511,0.0511,0.0233491,983,0.0983,0.0449162,3402,0.3402,0.1554475,1157,110,2387,0.2387,0.1090691,1410.76,21885.2,64461.83,20770.5,21413,2.1413,3469,0.3469,0.1585089,1267,0.1267,0.057893,,,,,,,52670,5.267,4.833333,4.34015,,285874,254098,31776,0.1250541,Republican
Idaho,2009,Rocky Mountain,0.058984,2465,0.2465,0.04583914,919,0.0919,0.01708973,6009,0.6009,0.1117434,2876,4482,1440,0.144,0.0267782,1352,0.1352,0.0251418,2307,0.2307,0.042901,7452,0.7452,0.1385774,3052,368,4015,0.4015,0.0746629,3171.863,53775,58983.97,48498.8,26145,2.6145,7358,0.7358,0.1368294,3420,0.342,0.0635983,225171.4,9.3525,13,Republican,3.19157,0.6484,61880,6.188,8.708333,4.73058,4.993833,537991,484480,53511,0.1104504,Republican
Idaho,2014,Rocky Mountain,0.0576787,2895,0.2895,0.04550821,1154,0.1154,0.0181404,7015,0.7015,0.1102729,3367,4760,1641,0.1641,0.0257958,1254,0.1254,0.0197124,2418,0.2418,0.03801,7777,0.7777,0.1222512,3026,381,4463,0.4463,0.0701565,3669.222,63614.9,57678.66,60897,30167,3.0167,8127,0.8127,0.1277531,3407,0.3407,0.0535566,265814.3,9.4246,9,Republican,3.21248,0.6375,64640,6.464,4.383333,4.803559,5.001375,576978,517428,59550,0.1150885,Republican
Utah,2002,Rocky Mountain,0.0516506,491,0.0491,0.00646063,2110,0.211,0.0277636,8678,0.8678,0.114186,4622,6372,3034,0.3034,0.0399217,3165,0.3165,0.0416454,7336,0.7336,0.0965278,10392,1.0392,0.136739,4568,1064,4643,0.4643,0.0610931,3925.382,75998.8,51650.58,58508.6,21222,2.1222,10994,1.0994,0.1446602,5632,0.5632,0.0741064,185647.7,9.2687,1,Republican,3.36639,0.6518,74280,7.428,5.666667,4.880807,4.949444,352895,314672,38223,0.1214693,Republican
Wyoming,2009,Rocky Mountain,0.0766771,380,0.038,0.0105432,12468,1.2468,0.34592783,1645,0.1645,0.0456409,1290,1965,2146,0.2146,0.0595413,549,0.0549,0.0152321,779,0.0779,0.0216136,3231,0.3231,0.0896449,920,78,1385,0.1385,0.0384272,2763.61,36042.2,76677.06,24912.8,33487,3.3487,3255,0.3255,0.0903108,998,0.0998,0.0276898,73139.95,8.8642,15,Republican,2.74807,0.6767,69410,6.941,6.258333,4.556811,4.766316,537991,484480,53511,0.1104504,Democrat
Idaho,2000,Rocky Mountain,0.0625711,1956,0.1956,0.05148344,446,0.0446,0.01173907,5428,0.5428,0.1428692,2388,3481,1387,0.1387,0.0365069,658,0.0658,0.0173191,1450,0.145,0.0381651,5261,0.5261,0.1384736,2484,237,2800,0.28,0.0736982,2377.251,37992.8,62571.09,32667,20106,2.0106,5869,0.5869,0.1544766,2721,0.2721,0.0716188,110160,9.042,9,Republican,3.11375,0.6534,60440,6.044,4.658333,4.579701,4.978546,285874,254098,31776,0.1250541,Republican
Colorado,2011,Rocky Mountain,0.0358039,1972,0.1972,0.0074575,10929,1.0929,0.04133016,19743,1.9743,0.074662,13517,14021,6462,0.6462,0.0244373,18004,1.8004,0.0680857,13389,1.3389,0.0506331,37547,3.7547,0.1419913,22778,1943,15407,1.5407,0.0582646,9467.684,264431.6,35803.91,223873.9,36108,3.6108,27538,2.7538,0.1041403,24721,2.4721,0.0934873,,,,,,,74200,7.42,8.691667,5.422313,,606770,552210,54560,0.098803,Democrat
Idaho,2008,Rocky Mountain,0.0657458,2534,0.2534,0.04561985,970,0.097,0.017463,6360,0.636,0.1144997,3293,4857,1579,0.1579,0.0284269,1452,0.1452,0.0261405,2207,0.2207,0.0397328,7390,0.739,0.1330429,3125,351,3928,0.3928,0.0707162,3651.917,55546,65745.81,50157.4,27290,2.729,8150,0.815,0.1467252,3476,0.3476,0.0625788,196293.1,9.2929,5,Republican,3.18592,0.651,62480,6.248,5.033333,4.744653,4.991811,461317,411142,50175,0.1220381,Republican
Montana,2013,Rocky Mountain,0.0613015,1399,0.1399,0.03242855,2554,0.2554,0.05920122,2102,0.2102,0.048724,2185,2616,1858,0.1858,0.0430681,986,0.0986,0.0228553,1495,0.1495,0.0346538,5338,0.5338,0.1237338,1793,163,3557,0.3557,0.0824506,2644.61,43141,61301.55,40786,36104,3.6104,4801,0.4801,0.1112862,1956,0.1956,0.0453397,,,,,,,53000,5.3,5.341667,4.63489,,546178,486781,59397,0.12202,Democrat
Wyoming,2016,Rocky Mountain,0.0532958,623.3,0.06233,0.01735951,6129.9,0.61299,0.17072362,1766.8,0.17668,0.0492071,1576.8,2116.8,3035.3,0.30353,0.084536,640.7,0.06407,0.0178441,1006.9,0.10069,0.0280431,4197.7,0.41977,0.11691,1065.1,111,1642.4,0.16424,0.0457424,1913.607,35905.4,53295.8,31090.1,40452,4.0452,3693.6,0.36936,0.1028703,1176.1,0.11761,0.0327555,80395.09,8.9052,9,Republican,2.76657,0.649,69390,6.939,5.333333,4.55516,4.771411,660833,599787,61046,0.1017795,Republican
Colorado,2006,Rocky Mountain,0.0369088,2056,0.2056,0.00889251,9372,0.9372,0.0405353,18088,1.8088,0.0782333,14218,14713,6166,0.6166,0.0266689,17340,1.734,0.0749981,12807,1.2807,0.0553922,32811,3.2811,0.1419125,19862,1726,13434,1.3434,0.0581041,8533.541,231205.9,36908.84,188197,33483,3.3483,28931,2.8931,0.1251309,21588,2.1588,0.0933713,,,,,,,78020,7.802,4.275,5.363999,,434099,391181,42918,0.1097139,Republican
Colorado,2000,Rocky Mountain,0.039174,1629,0.1629,0.00901966,4621,0.4621,0.02558615,14806,1.4806,0.0819798,12519,12675,6268,0.6268,0.0347055,17404,1.7404,0.0963647,11192,1.1192,0.0619693,32904,3.2904,0.1821871,16655,1320,10914,1.0914,0.0604301,7075.047,180605.5,39174.04,146560.8,27049,2.7049,25194,2.5194,0.1394974,17975,1.7975,0.0995263,,,,,,,77520,7.752,2.741667,5.256731,,285874,254098,31776,0.1250541,Republican
Colorado,2007,Rocky Mountain,0.0374608,1829,0.1829,0.00743365,8958,0.8958,0.0364082,19625,1.9625,0.0797623,15213,14598,7081,0.7081,0.0287795,19002,1.9002,0.0772302,13005,1.3005,0.0528565,35138,3.5138,0.1428121,21159,1741,13673,1.3673,0.0555715,9216.983,246043.5,37460.79,200611.2,34856,3.4856,29811,2.9811,0.1211615,22900,2.29,0.093073,,,,,,,83510,8.351,3.7,5.391012,,443797,397808,45989,0.115606,Democrat
Idaho,2017,Rocky Mountain,0.0617091,3232.1,0.32321,0.04431474,504.2,0.05042,0.00691299,7936.1,0.79361,0.1088104,4782,6135.6,2283.5,0.22835,0.0313087,1552.4,0.15524,0.0212847,3377,0.3377,0.0463014,9602.4,0.96024,0.1316568,3905.6,576.3,6105.4,0.61054,0.08371,4500.758,72935.1,61709.08,71472.6,32724,3.2724,10917.6,1.09176,0.1496892,4481.9,0.44819,0.0614505,270372.4,9.432,1,Republican,3.23495,0.6325,70160,7.016,3.216667,4.862936,5.030907,674712,613125,61587,0.1004477,Republican
Utah,2005,Rocky Mountain,0.0499319,567,0.0567,0.00601943,2720,0.272,0.0288763,10864,1.0864,0.1153353,5770,7557,3926,0.3926,0.0416795,4244,0.4244,0.0450555,8522,0.8522,0.090472,11484,1.1484,0.1219174,5177,1205,5324,0.5324,0.0565211,4703.33,94194.9,49931.9,70661.8,24734,2.4734,13327,1.3327,0.1414832,6382,0.6382,0.0677531,236678.6,9.3742,1,Republican,3.39053,0.6509,79010,7.901,4.041667,4.974027,4.950793,428018,388870,39148,0.1006712,Republican
Utah,2006,Rocky Mountain,0.0514647,488,0.0488,0.00459839,3167,0.3167,0.02984239,12152,1.2152,0.1145073,6208,8146,4131,0.4131,0.0389261,4592,0.4592,0.0432701,9622,0.9622,0.0906674,12634,1.2634,0.1190492,5692,1269,5866,0.5866,0.0552749,5461.647,106124.2,51464.67,78561.1,26129,2.6129,14354,1.4354,0.1352566,6961,0.6961,0.065593,252402.2,9.4021,1,Republican,3.40235,0.6493,76530,7.653,2.866667,5.025815,4.960941,434099,391181,42918,0.1097139,Republican
Wyoming,2006,Rocky Mountain,0.0654909,445,0.0445,0.01373241,10635,1.0635,0.32818908,1834,0.1834,0.056596,1293,1835,2081,0.2081,0.0642183,435,0.0435,0.0134238,686,0.0686,0.0211695,2572,0.2572,0.0793702,826,68,1231,0.1231,0.0379878,2122.239,32405.1,65490.89,22895.5,31550,3.155,3128,0.3128,0.096528,894,0.0894,0.0275883,63409.79,8.8022,3,Republican,2.71823,0.6829,65900,6.59,3.008333,4.510613,4.762011,434099,391181,42918,0.1097139,Democrat
Montana,2012,Rocky Mountain,0.0585472,1215,0.1215,0.02892458,2553,0.2553,0.06077732,1994,0.1994,0.0474696,2055,2706,1822,0.1822,0.043375,936,0.0936,0.0222826,1641,0.1641,0.039066,5240,0.524,0.1247447,1878,163,3469,0.3469,0.0825838,2459.324,42005.8,58547.25,40436.9,35272,3.5272,4761,0.4761,0.1133415,2041,0.2041,0.0485885,,,,,,,55980,5.598,5.8,4.623309,,544573,488543,56030,0.114688,Democrat
Utah,2003,Rocky Mountain,0.0499666,478,0.0478,0.00603923,2025,0.2025,0.02558462,9622,0.9622,0.121568,4847,6832,3170,0.317,0.040051,3275,0.3275,0.0413776,7664,0.7664,0.0968299,10407,1.0407,0.131486,4679,1077,4846,0.4846,0.0612262,3954.815,79149.1,49966.64,60770.4,22025,2.2025,11679,1.1679,0.1475569,5756,0.5756,0.0727235,204992.2,9.3117,1,Republican,3.37294,0.6518,74920,7.492,5.566667,4.898446,4.950496,388542,350650,37892,0.1080622,Republican
Wyoming,2012,Rocky Mountain,0.0599669,328,0.0328,0.00853462,9268,0.9268,0.24115509,1592,0.1592,0.0414241,1513,1941,2366,0.2366,0.0615638,549,0.0549,0.0142851,970,0.097,0.0252396,3817,0.3817,0.0993191,965,79,1441,0.1441,0.0374951,2304.628,38431.7,59966.85,30844.4,36878,3.6878,3454,0.3454,0.0898737,1044,0.1044,0.0271651,82075.68,8.9142,9,Republican,2.76065,0.6692,71410,7.141,5.5,4.58469,4.772564,544573,488543,56030,0.114688,Republican
Idaho,2005,Rocky Mountain,0.0611819,2193,0.2193,0.04572284,912,0.0912,0.0190147,5245,0.5245,0.1093554,3073,4534,1520,0.152,0.0316912,1140,0.114,0.0237684,2039,0.2039,0.042512,6160,0.616,0.1284326,2813,335,3371,0.3371,0.0702835,2934.459,47962.9,61181.85,41724.7,24687,2.4687,7607,0.7607,0.1586017,3148,0.3148,0.0656341,175771.3,9.2449,1,Republican,3.1548,0.6562,63680,6.368,3.991667,4.680905,4.984995,428018,388870,39148,0.1006712,Republican
Montana,2004,Rocky Mountain,0.0581868,1008,0.1008,0.03607834,1639,0.1639,0.0586631,2080,0.208,0.0744474,1864,2295,1501,0.1501,0.0537238,766,0.0766,0.0274167,1298,0.1298,0.046458,3635,0.3635,0.1301039,1383,140,2705,0.2705,0.0968174,1625.692,27939.2,58186.78,26072.2,26293,2.6293,4159,0.4159,0.1488589,1523,0.1523,0.0545112,,,,,,,50370,5.037,4.508333,4.446214,,407512,369909,37603,0.1016547,Republican
Montana,2001,Rocky Mountain,0.0654573,702,0.0702,0.03071982,1745,0.1745,0.07636193,1733,0.1733,0.0758368,1513,2079,1224,0.1224,0.0535628,575,0.0575,0.0251622,1187,0.1187,0.0519436,3569,0.3569,0.1561809,1254,130,2420,0.242,0.1059002,1495.81,22851.7,65457.27,21685.2,22432,2.2432,3592,0.3592,0.1571874,1384,0.1384,0.0605644,,,,,,,50480,5.048,4.608333,4.358919,,318542,284384,34158,0.1201122,Republican
Wyoming,2017,Rocky Mountain,0.0438473,627.7,0.06277,0.01668514,6891.1,0.68911,0.18317504,1987,0.1987,0.0528172,1456.1,2167.8,3288.8,0.32888,0.0874209,629.4,0.06294,0.0167303,1060.8,0.10608,0.0281975,4321.3,0.43213,0.1148662,1131.7,116.6,1678.3,0.16783,0.0446116,1649.55,37620.3,43847.34,32487.4,41471,4.1471,3623.9,0.36239,0.0963283,1248.3,0.12483,0.0331816,88918.64,8.949,1,Republican,2.76263,0.6438,70200,7.02,4.325,4.575422,4.801534,674712,613125,61587,0.1004477,Republican
Wyoming,2011,Rocky Mountain,0.0577004,539,0.0539,0.01369038,10996,1.0996,0.27929399,1654,0.1654,0.0420109,1335,1882,2227,0.2227,0.0565649,548,0.0548,0.013919,873,0.0873,0.0221738,3611,0.3611,0.091718,932,81,1415,0.1415,0.0359404,2271.704,39370.7,57700.37,28699.9,35845,3.5845,3217,0.3217,0.0817105,1013,0.1013,0.0257298,89066.1,8.9497,9,Republican,2.75381,0.6719,68990,6.899,6.133333,4.595173,4.770256,606770,552210,54560,0.098803,Republican
Utah,2000,Rocky Mountain,0.0566026,538,0.0538,0.00765381,2142,0.2142,0.03047297,9293,0.9293,0.132206,4519,6023,3419,0.3419,0.0486401,2844,0.2844,0.0404599,4774,0.4774,0.0679169,10254,1.0254,0.1458776,4359,1015,4421,0.4421,0.062895,3978.697,70291.8,56602.58,54230.6,20027,2.0027,10542,1.0542,0.1499748,5374,0.5374,0.0764527,158234.3,9.1993,9,Republican,3.35112,0.649,76410,7.641,3.325,4.846905,4.94168,285874,254098,31776,0.1250541,Republican
Montana,2011,Rocky Mountain,0.0567658,1215,0.1215,0.02994137,2420,0.242,0.05963632,2050,0.205,0.0505184,1930,2754,1734,0.1734,0.0427311,973,0.0973,0.0239777,1714,0.1714,0.0422383,5487,0.5487,0.1352167,1736,166,3392,0.3392,0.0835894,2303.516,40579.3,56765.79,38082.7,34476,3.4476,4684,0.4684,0.1154283,1902,0.1902,0.0468712,,,,,,,50980,5.098,6.625,4.608305,,606770,552210,54560,0.098803,Democrat
Colorado,2011,Rocky Mountain,0.0358039,1972,0.1972,0.0074575,10929,1.0929,0.04133016,19743,1.9743,0.074662,13517,14021,6462,0.6462,0.0244373,18004,1.8004,0.0680857,13389,1.3389,0.0506331,37547,3.7547,0.1419913,22778,1943,15407,1.5407,0.0582646,9467.684,264431.6,35803.91,223873.9,36108,3.6108,27538,2.7538,0.1041403,24721,2.4721,0.0934873,,,,,,,74200,7.42,8.691667,5.422313,,606770,552210,54560,0.098803,Democrat
Montana,2005,Rocky Mountain,0.0614335,1173,0.1173,0.0384216,1797,0.1797,0.05886072,1996,0.1996,0.065379,1931,2513,1583,0.1583,0.0518511,841,0.0841,0.0275469,1404,0.1404,0.045988,4074,0.4074,0.1334438,1441,139,2784,0.2784,0.0911899,1875.545,30529.7,61433.46,28052,27928,2.7928,4444,0.4444,0.1455632,1580,0.158,0.0517529,,,,,,,53790,5.379,4.066667,4.484723,,428018,388870,39148,0.1006712,Democrat
Colorado,2001,Rocky Mountain,0.0403414,1848,0.1848,0.00985222,5405,0.5405,0.02881562,13741,1.3741,0.0732572,12704,13322,5429,0.5429,0.0289436,16945,1.6945,0.0903387,12882,1.2882,0.0686777,34748,3.4748,0.1852516,17071,1435,11572,1.1572,0.0616937,7566.919,187571.9,40341.43,154066.7,27861,2.7861,26026,2.6026,0.1387521,18506,1.8506,0.0986608,,,,,,,77620,7.762,3.816667,5.273168,,318542,284384,34158,0.1201122,Republican
Utah,2001,Rocky Mountain,0.0556219,583,0.0583,0.00796165,2448,0.2448,0.03343075,8377,0.8377,0.1143993,4630,6195,3047,0.3047,0.0416109,2791,0.2791,0.0381149,6899,0.6899,0.0942152,10576,1.0576,0.1444296,4485,1058,4436,0.4436,0.0605796,4072.968,73226,55621.88,56788.7,20586,2.0586,10825,1.0825,0.14783,5543,0.5543,0.0756972,171249.9,9.2336,1,Republican,3.35864,0.6506,74400,7.44,4.366667,4.864666,4.945415,318542,284384,34158,0.1201122,Republican
Colorado,2015,Rocky Mountain,0.0400582,2058,0.2058,0.00646701,16056,1.6056,0.05045401,20694,2.0694,0.0650284,15902,15981,8469,0.8469,0.0266128,17818,1.7818,0.0559909,14413,1.4413,0.0452911,40771,4.0771,0.1281179,26537,1941,17768,1.7768,0.0558338,12747.749,318230.4,40058.24,279696,40878,4.0878,31883,3.1883,0.1001884,28478,2.8478,0.0894886,,,,,,,80610,8.061,3.741667,5.502742,,624357,567054,57303,0.1010539,Democrat
Wyoming,2003,Rocky Mountain,0.0578839,423,0.0423,0.02011651,7908,0.7908,0.37607894,1507,0.1507,0.0716681,997,1656,1496,0.1496,0.0711449,334,0.0334,0.015884,625,0.0625,0.029723,2192,0.2192,0.1042444,810,60,1076,0.1076,0.0511711,1217.154,21027.5,57883.91,16937.2,26018,2.6018,2653,0.2653,0.1261681,870,0.087,0.0413744,55863.44,8.7471,3,Republican,2.70196,0.6806,64700,6.47,4.325,4.322788,4.756598,388542,350650,37892,0.1080622,Democrat
Colorado,2019,Rocky Mountain,0.0420547,2663.3,0.26633,0.00694298,15609.2,1.56092,0.04069177,23830,2.383,0.0621227,20757.1,21915.1,12437.1,1.24371,0.0324224,23383.2,2.33832,0.0609579,20577.8,2.05778,0.0536445,55969.1,5.59691,0.1459064,39367.5,3378.3,24014.6,2.40146,0.0626039,16132.011,383596,42054.69,351373.2,48067,4.8067,42672.2,4.26722,0.1112426,42745.8,4.27458,0.1114344,,,,,,,82580,8.258,2.666667,5.583874,,749554,685729,63825,0.0930761,Democrat
Montana,2008,Rocky Mountain,0.0666783,1126,0.1126,0.03054595,2100,0.21,0.05696846,2060,0.206,0.0558834,2078,2590,1725,0.1725,0.0467955,936,0.0936,0.0253917,1540,0.154,0.0417769,4645,0.4645,0.1260088,1729,153,3166,0.3166,0.0858867,2457.929,36862.5,66678.3,34730.5,32496,3.2496,4668,0.4668,0.1266328,1882,0.1882,0.0510546,,,,,,,56520,5.652,4.725,4.566585,,461317,411142,50175,0.1220381,Democrat
Colorado,2002,Rocky Mountain,0.036254,1660,0.166,0.00869279,5624,0.5624,0.02945076,14290,1.429,0.0748313,12424,13622,5415,0.5415,0.0283563,17849,1.7849,0.0934685,12337,1.2337,0.0646042,35395,3.5395,0.1853502,16847,1412,12130,1.213,0.0635202,6923.171,190962.8,36254.03,154492.3,28236,2.8236,26046,2.6046,0.1363931,18259,1.8259,0.0956155,,,,,,,74960,7.496,5.683333,5.280949,,352895,314672,38223,0.1214693,Republican
Idaho,2001,Rocky Mountain,0.0684274,1928,0.1928,0.05157273,377,0.0377,0.0100845,4264,0.4264,0.1140592,2485,3560,1286,0.1286,0.0343997,701,0.0701,0.0187513,1429,0.1429,0.0382248,5531,0.5531,0.1479506,2585,269,2928,0.2928,0.0783221,2558.098,37384.1,68427.43,34059.4,20694,2.0694,6045,0.6045,0.1616998,2854,0.2854,0.0763426,126856,9.1033,1,Republican,3.12056,0.6547,60090,6.009,5.083333,4.572687,4.977289,318542,284384,34158,0.1201122,Republican
Colorado,2008,Rocky Mountain,0.03766,1630,0.163,0.00637798,10388,1.0388,0.04064691,19587,1.9587,0.0766414,15381,14228,6858,0.6858,0.0268345,19345,1.9345,0.0756945,10832,1.0832,0.0423842,35666,3.5666,0.1395565,22738,1815,14547,1.4547,0.0569205,9624.636,255566.8,37659.96,210065.8,35436,3.5436,29609,2.9609,0.1158562,24553,2.4553,0.0960727,,,,,,,80290,8.029,4.875,5.407505,,461317,411142,50175,0.1220381,Democrat
Utah,2003,Rocky Mountain,0.0499666,478,0.0478,0.00603923,2025,0.2025,0.02558462,9622,0.9622,0.121568,4847,6832,3170,0.317,0.040051,3275,0.3275,0.0413776,7664,0.7664,0.0968299,10407,1.0407,0.131486,4679,1077,4846,0.4846,0.0612262,3954.815,79149.1,49966.64,60770.4,22025,2.2025,11679,1.1679,0.1475569,5756,0.5756,0.0727235,204992.2,9.3117,1,Republican,3.37294,0.6518,74920,7.492,5.566667,4.898446,4.950496,388542,350650,37892,0.1080622,Republican
Idaho,2003,Rocky Mountain,0.058112,1798,0.1798,0.04456916,404,0.0404,0.01001443,4745,0.4745,0.1176199,2687,4050,1328,0.1328,0.0329187,843,0.0843,0.0208964,1610,0.161,0.039909,5697,0.5697,0.1412183,2737,320,3187,0.3187,0.0789999,2344.344,40341.8,58112.03,36454.9,22151,2.2151,6737,0.6737,0.166998,3057,0.3057,0.0757775,144757.4,9.1606,1,Republican,3.13462,0.6558,64420,6.442,5.566667,4.605755,4.983125,388542,350650,37892,0.1080622,Republican
Idaho,2018,Rocky Mountain,0.0622774,3772.3,0.37723,0.0485795,483.3,0.04833,0.00622391,8820.5,0.88205,0.11359,4992.8,6769.2,2356.8,0.23568,0.0303508,1567.1,0.15671,0.020181,3453,0.3453,0.0444676,10446.1,1.04461,0.1345244,4263,617.2,6443.4,0.64434,0.0829778,4835.969,77652.1,62277.38,76529.6,33973,3.3973,11762,1.1762,0.1514705,4880.2,0.48802,0.062847,288405.7,9.46,1,Republican,3.24317,0.6309,67880,6.788,2.875,4.890153,5.061426,696507,634179,62328,0.0982814,Republican
Wyoming,2008,Rocky Mountain,0.0565308,324,0.0324,0.00761629,11778,1.1778,0.27686623,2681,0.2681,0.0630224,1510,2024,2360,0.236,0.0554767,524,0.0524,0.0123177,763,0.0763,0.0179359,3045,0.3045,0.071579,993,72,1386,0.1386,0.0325808,2404.843,42540.4,56530.8,27002.5,34161,3.4161,3534,0.3534,0.083074,1065,0.1065,0.025035,64936.75,8.8125,7,Republican,2.73723,0.6787,70270,7.027,2.933333,4.628801,4.766301,461317,411142,50175,0.1220381,Democrat
Idaho,2011,Rocky Mountain,0.0577418,2608,0.2608,0.04616902,1149,0.1149,0.02034057,6600,0.66,0.1168388,2950,4240,1571,0.1571,0.0278112,1254,0.1254,0.0221994,2380,0.238,0.0421328,7382,0.7382,0.1306824,3082,386,4128,0.4128,0.0730773,3261.722,56488.1,57741.75,53076.5,27453,2.7453,7190,0.719,0.1272834,3468,0.3468,0.0613935,282811.4,9.4515,9,Republican,3.19973,0.6456,60070,6.007,8.166667,4.751957,4.997757,606770,552210,54560,0.098803,Republican
Colorado,2012,Rocky Mountain,0.0375219,1610,0.161,0.00588624,11045,1.1045,0.04038103,19654,1.9654,0.0718559,14039,14330,6781,0.6781,0.0247917,17494,1.7494,0.0639589,14607,1.4607,0.0534039,37670,3.767,0.1377233,23497,1986,15862,1.5862,0.0579922,10262.977,273519.5,37521.92,236033,36572,3.6572,28369,2.8369,0.1037184,25483,2.5483,0.093167,,,,,,,71090,7.109,8,5.436988,,544573,488543,56030,0.114688,Democrat
Wyoming,2018,Rocky Mountain,0.0483817,705.2,0.07052,0.01856904,6616.4,0.66164,0.17422032,2252.5,0.22525,0.0593119,1441.4,2177.8,3507.5,0.35075,0.092358,656.8,0.06568,0.0172946,1071.1,0.10711,0.0282038,4355.1,0.43551,0.1146767,1220.1,115.6,1707.9,0.17079,0.0449717,1837.401,37977.2,48381.69,34025.2,42888,4.2888,3619.2,0.36192,0.0952993,1335.7,0.13357,0.0351711,92443.26,8.9659,1,Republican,2.76163,0.6395,72290,7.229,4.058333,4.579523,4.790763,696507,634179,62328,0.0982814,Republican
Wyoming,2014,Rocky Mountain,0.0574868,524,0.0524,0.01330885,9330,0.933,0.23696863,1582,0.1582,0.0401805,1623,1974,2488,0.2488,0.0631916,551,0.0551,0.0139946,1063,0.1063,0.0269987,3973,0.3973,0.1009085,997,76,1431,0.1431,0.0363453,2263.387,39372.3,57486.79,32679.6,39564,3.9564,3597,0.3597,0.0913586,1073,0.1073,0.0272527,75295.97,8.8768,9,Republican,2.76532,0.6595,67360,6.736,4.341667,4.595191,4.7809,576978,517428,59550,0.1150885,Republican
Idaho,2016,Rocky Mountain,0.060778,3407.7,0.34077,0.04916429,579.1,0.05791,0.00835491,7672.1,0.76721,0.1106885,4279.1,5639.5,1970.9,0.19709,0.028435,1583.7,0.15837,0.0228487,2895,0.2895,0.0417674,9223.6,0.92236,0.1330727,3690.5,573.4,5885.1,0.58851,0.0849068,4212.672,69312.5,60777.95,67294.1,31610,3.161,9918.6,0.99186,0.1430997,4263.9,0.42639,0.061517,268141.1,9.4284,9,Republican,3.22592,0.6344,67870,6.787,3.675,4.840812,5.021958,660833,599787,61046,0.1017795,Republican
Utah,2004,Rocky Mountain,0.04896,511,0.0511,0.00596253,2266,0.2266,0.02644049,10265,1.0265,0.1197756,5245,7297,3580,0.358,0.0417727,3657,0.3657,0.0426712,8162,0.8162,0.0952371,10300,1.03,0.120184,4819,1148,5096,0.5096,0.0594619,4195.962,85701.9,48959.96,64795,23398,2.3398,12542,1.2542,0.1463445,5967,0.5967,0.0696251,229542.8,9.3609,1,Republican,3.3805,0.6514,75460,7.546,5.008333,4.932991,4.950793,407512,369909,37603,0.1016547,Republican
Wyoming,2010,Rocky Mountain,0.0577056,448,0.0448,0.01197823,11415,1.1415,0.30520411,1661,0.1661,0.0444103,1309,1834,2292,0.2292,0.0612815,545,0.0545,0.0145717,748,0.0748,0.0199994,3470,0.347,0.0927778,916,81,1406,0.1406,0.0375924,2158.26,37401.2,57705.64,26185.4,34006,3.4006,3143,0.3143,0.0840347,997,0.0997,0.0266569,84308.69,8.9259,15,Republican,2.75163,0.6739,68120,6.812,6.941667,4.572886,4.766316,608390,559569,48821,0.0872475,Democrat
Montana,2003,Rocky Mountain,0.0580015,857,0.0857,0.03342747,1517,0.1517,0.05917091,1977,0.1977,0.0771133,1713,2260,1260,0.126,0.0491466,682,0.0682,0.0266016,1286,0.1286,0.0501607,3544,0.3544,0.1382345,1385,130,2602,0.2602,0.1014916,1487.019,25637.6,58001.49,24015.2,24797,2.4797,3973,0.3973,0.1549677,1515,0.1515,0.0590929,,,,,,,51860,5.186,4.741667,4.408877,,388542,350650,37892,0.1080622,Republican
Wyoming,2001,Rocky Mountain,0.0602492,410,0.041,0.02197131,7785,0.7785,0.41718692,1715,0.1715,0.0919044,916,1489,1379,0.1379,0.0738986,264,0.0264,0.0141474,645,0.0645,0.0345646,2076,0.2076,0.1112498,800,54,963,0.0963,0.0516058,1124.292,18660.7,60249.19,15440.8,23867,2.3867,2405,0.2405,0.1288805,854,0.0854,0.0457646,42932.95,8.6328,1,Republican,2.6943,0.677,62420,6.242,3.816667,4.270928,4.753637,318542,284384,34158,0.1201122,Republican
Idaho,2006,Rocky Mountain,0.0616495,2383,0.2383,0.04674721,719,0.0719,0.01410459,5462,0.5462,0.1071478,3191,4879,1596,0.1596,0.0313087,1209,0.1209,0.0237169,2258,0.2258,0.0442951,6791,0.6791,0.1332188,2965,335,3601,0.3601,0.0706407,3142.663,50976.3,61649.49,45887.7,26100,2.61,8070,0.807,0.1583089,3300,0.33,0.064736,180674.9,9.2569,1,Republican,3.16692,0.6553,64740,6.474,3.425,4.707368,4.985408,434099,391181,42918,0.1097139,Republican
Montana,2001,Rocky Mountain,0.0654573,702,0.0702,0.03071982,1745,0.1745,0.07636193,1733,0.1733,0.0758368,1513,2079,1224,0.1224,0.0535628,575,0.0575,0.0251622,1187,0.1187,0.0519436,3569,0.3569,0.1561809,1254,130,2420,0.242,0.1059002,1495.81,22851.7,65457.27,21685.2,22432,2.2432,3592,0.3592,0.1571874,1384,0.1384,0.0605644,,,,,,,50480,5.048,4.608333,4.358919,,318542,284384,34158,0.1201122,Republican
Utah,2007,Rocky Mountain,0.0529913,414,0.0414,0.00361091,3363,0.3363,0.02933206,13408,1.3408,0.1169445,6600,8408,4306,0.4306,0.0375569,4760,0.476,0.0415167,10512,1.0512,0.0916856,14189,1.4189,0.1237564,6085,1311,5917,0.5917,0.051608,6075.59,114652.7,52991.25,85528.5,27456,2.7456,15008,1.5008,0.1308997,7396,0.7396,0.0645079,248001.6,9.3945,5,Republican,3.4146,0.6476,73110,7.311,2.558333,5.059384,4.965268,443797,397808,45989,0.115606,Republican
Wyoming,2005,Rocky Mountain,0.0640103,424,0.0424,0.01560108,8928,0.8928,0.32850583,1592,0.1592,0.0585777,1139,1717,1820,0.182,0.0669669,396,0.0396,0.0145708,638,0.0638,0.0234752,2491,0.2491,0.0916564,766,65,1158,0.1158,0.0426086,1739.646,27177.6,64010.29,20004.4,29663,2.9663,2856,0.2856,0.1050865,831,0.0831,0.0305767,64776.91,8.8114,3,Republican,2.7111,0.6822,64460,6.446,3.541667,4.434211,4.758268,428018,388870,39148,0.1006712,Democrat
Idaho,2004,Rocky Mountain,0.0605361,2120,0.212,0.04846933,385,0.0385,0.00880221,5093,0.5093,0.1164407,2876,4193,1434,0.1434,0.0327854,1010,0.101,0.0230915,1727,0.1727,0.0394842,5431,0.5431,0.1241684,2797,336,3330,0.333,0.0761334,2647.79,43739,60536.14,39386.7,23293,2.3293,7069,0.7069,0.1616178,3133,0.3133,0.0716294,171642.3,9.2346,1,Republican,3.14358,0.6565,65790,6.579,4.866667,4.640869,4.984995,407512,369909,37603,0.1016547,Republican
